Episode;AvgDrag;AvgLift;AvgRecircArea;EnvNum;EpiReward
1;-1.0469931364059448;-0.27144306898117065;1.1424121856689453;0;0
1;-0.9401529431343079;-0.44391295313835144;2.024275779724121;3;0
1;-1.0138740539550781;-0.4354511797428131;1.0020242929458618;16;0
1;-1.0968087911605835;-0.11261361092329025;1.6324888467788696;4;0
1;-0.9955040216445923;-0.32357996702194214;1.9519709348678589;8;0
1;-1.027218222618103;-0.35654956102371216;1.0591248273849487;15;0
1;-1.0777937173843384;-0.16938920319080353;1.2754563093185425;13;0
1;-1.0736002922058105;-0.6898879408836365;0.6050769090652466;34;0
1;-0.9822534322738647;-0.3517318367958069;1.9870524406433105;7;0
1;-1.1332452297210693;-0.6132020950317383;0.5134561061859131;37;0
1;-1.0046676397323608;-0.5595255494117737;0.8890241384506226;38;0
1;-1.1052987575531006;-0.0945279598236084;1.586102843284607;10;0
1;-1.1100387573242188;-0.08431790769100189;1.4858676195144653;33;0
1;-1.0726706981658936;-0.18469107151031494;1.2359260320663452;18;0
1;-1.092053771018982;-0.12949307262897491;1.3439946174621582;9;0
1;-1.095165491104126;-0.12127237766981125;1.3532428741455078;21;0
1;-1.0484200716018677;-0.26607418060302734;1.1507705450057983;30;0
1;-1.0251566171646118;-0.6817368268966675;0.7236658334732056;17;0
1;-1.004982590675354;-0.5793008804321289;0.8659388422966003;35;0
1;-1.0284702777862549;-0.25459226965904236;1.8633877038955688;14;0
1;-1.108619213104248;-0.08734669536352158;1.5643024444580078;12;0
1;-1.0480494499206543;-0.6993191838264465;0.6674994826316833;39;0
1;-1.0943591594696045;-0.12338637560606003;1.3532428741455078;36;0
1;-1.0794281959533691;-0.14902345836162567;1.741487979888916;31;0
1;-1.0114250183105469;-0.2901116609573364;1.9465357065200806;43;0
1;-0.9303950071334839;-0.46611255407333374;2.00779390335083;28;0
1;-1.102198839187622;-0.10116816312074661;1.6165271997451782;26;0
1;-1.0167001485824585;-0.6621443033218384;0.7621864676475525;48;0
1;-1.0985634326934814;-0.10889928042888641;1.6326453685760498;32;0
1;-1.0073096752166748;-0.6139354705810547;0.8266286253929138;45;0
1;-1.0504270792007446;-0.2586546242237091;1.157972812652588;27;0
1;-0.9623434543609619;-0.3947111964225769;2.0255229473114014;1;0
1;-1.1041260957717896;-0.6574246883392334;0.5543023347854614;19;0
1;-1.0059187412261963;-0.5165417790412903;0.9245551824569702;41;0
1;-1.26887047290802;-0.34013882279396057;0.38649097084999084;24;0
1;-1.004758596420288;-0.5481855869293213;0.8991251587867737;2;0
1;-1.0397034883499146;-0.30022791028022766;1.1282479763031006;22;0
1;-1.024849772453308;-0.2621159553527832;1.8715838193893433;40;0
1;-1.09295654296875;-0.12073633074760437;1.6781553030014038;29;0
1;-1.0053753852844238;-0.5888420343399048;0.8445215225219727;20;0
1;-1.0215542316436768;-0.6747885942459106;0.7318463325500488;44;0
1;-1.0507144927978516;-0.25760412216186523;1.157972812652588;46;0
1;-1.0822902917861938;-0.14306232333183289;1.7202763557434082;47;0
1;-1.1072511672973633;-0.09093532711267471;1.4289041757583618;51;0
1;-0.9605158567428589;-0.39870572090148926;2.0260870456695557;42;0
1;-1.008971095085144;-0.2952488362789154;1.9394434690475464;53;0
1;-1.1920098066329956;-0.5008811354637146;0.44649559259414673;49;0
1;-0.9934768080711365;-0.32786738872528076;1.9494909048080444;55;0
1;-1.0785833597183228;-0.16707885265350342;1.284256100654602;54;0
1;-1.0574461221694946;-0.6983813047409058;0.6353562474250793;23;0
1;-1.0977978706359863;-0.11052096635103226;1.6244771480560303;25;0
1;-0.9358763098716736;-0.453594446182251;2.0098793506622314;52;0
1;-1.2772433757781982;-0.32369402050971985;0.3786531984806061;56;0
1;-0.9250466823577881;-0.47845327854156494;1.9901994466781616;58;0
1;-1.030869483947754;-0.24961142241954803;1.8633877038955688;50;0
1;-1.0942906141281128;-0.11792781203985214;1.6698055267333984;57;0
1;-1.063489556312561;-0.1820881962776184;1.7737632989883423;62;0
1;-1.0394287109375;-0.30136218667030334;1.1272906064987183;63;0
1;-1.1093049049377441;-0.08585290610790253;1.5489088296890259;59;0
1;-1.0672792196273804;-0.6941033005714417;0.6247178316116333;61;0
1;-1.0814276933670044;-0.15885965526103973;1.2971677780151367;64;0
1;-1.0106159448623657;-0.4615645110607147;0.9779717922210693;60;0
2;-0.9493080300712585;-0.28959750079173996;2.447471042833328;21;-97.56098836879688
2;-0.9487408873343468;-0.2896845834298732;2.5157156043958664;25;-96.49060515006168
2;-0.9519612359666825;-0.29155580747127724;2.511204969649315;55;-97.85051706118232
2;-0.9572147101092339;-0.27685069548153834;2.366132938873768;27;-99.00712397828894
2;-0.9488493916678429;-0.28477986472908334;2.4386302926969528;22;-95.93530297446044
2;-0.9460802447676658;-0.3112657914726935;2.538150970983505;28;-95.1692615251788
2;-0.9533890459918976;-0.3068370783145293;2.4675034824228286;17;-97.90975530634498
2;-0.9550806095767022;-0.3073181878750285;2.3959768738365175;18;-97.35563639946797
2;-0.9482483543801308;-0.2771805998612523;2.459571589677334;0;-96.0047707193179
2;-0.941861900472641;-0.281032354070353;2.4804505400681496;30;-95.14063602755435
2;-0.9518030678248406;-0.32106426708848185;2.5051643944883346;35;-97.58331720045614
2;-0.9514186870718002;-0.2866982244742575;2.432097069864273;32;-95.39134015112121
2;-0.9534202801036835;-0.315680668032142;2.3529967914819716;31;-97.6202648526252
2;-0.942199990170002;-0.29100184677386487;2.5431380475759506;37;-96.7742599698881
2;-0.9495780269622802;-0.31264210831352623;2.5698363338828085;39;-98.13281559585623
2;-0.9472656956553459;-0.27241745414511587;2.545345048866272;33;-96.57063686951223
2;-0.9549661539125442;-0.260142633204553;2.429957316455841;16;-97.10581526880934
2;-0.9589004558706283;-0.28925837130178594;2.311029056425095;24;-99.51094098669071
2;-0.9572929513454437;-0.3272233748858993;2.4392516776943207;26;-97.63703051399068
2;-0.9492699191689491;-0.26629455950239184;2.4067121545791625;29;-95.24123762792168
2;-0.9477613935303688;-0.2969741983292658;2.565652116994858;38;-95.98182419946356
2;-0.9478633253932;-0.29926506176407036;2.4925362697410582;54;-96.4517586999639
2;-0.9551075114703178;-0.31739878785725895;2.4838835227012632;57;-98.01033113083875
2;-0.9522982218980789;-0.2883162142005206;2.4696223130607606;4;-96.46438765894723
2;-0.945844382174015;-0.29019967823833637;2.466154576730728;3;-95.64740646615606
2;-0.9439300478959084;-0.28004787679331306;2.558062891550064;43;-93.61030566534092
2;-0.9482546837615967;-0.29726892562418683;2.3953158145713807;48;-95.27219077505917
2;-0.9499626838111878;-0.2759868964073903;2.5625323744869233;19;-95.48717143938839
2;-0.96066329195261;-0.320606506453222;2.2939190085172654;58;-99.77264088803464
2;-0.9429721752762794;-0.2793142842483116;2.589703588833809;34;-96.1258421075848
2;-0.9480983533573151;-0.3215186618158134;2.5354266246700288;14;-95.00389414031171
2;-0.9517244355916977;-0.33583848140293876;2.4435033955430985;53;-96.28866906807076
2;-0.9438629400801659;-0.2801875319665977;2.64944561044693;59;-94.9348642503939
2;-0.9519923796582221;-0.2641135490966444;2.3638679386758805;41;-98.08490085049608
2;-0.9459362382245063;-0.2683714058594008;2.5211894193935396;8;-92.25655185154012
2;-0.9599031680774689;-0.30048680191808685;2.421688252778053;45;-101.00884130650601
2;-0.9558619006443023;-0.2854252277552939;2.374484483704567;5;-99.41531680921578
2;-0.958739721210003;-0.33177471127158625;2.3917397053050995;23;-99.3004857599107
2;-0.9493331725597381;-0.28319844875364764;2.5325953903961183;6;-97.71064128768212
2;-0.9527738818573952;-0.27491799031217795;2.3216186695861816;20;-96.23014066670896
2;-0.9307142980003357;-0.2536157254401453;2.749696762714386;64;-92.08927648510044
2;-0.9414082157039643;-0.2913837226112621;2.6580056489610673;40;-94.32558784141087
2;-0.9520960360646248;-0.3081369464942055;2.4651783784627916;36;-96.90863409924046
2;-0.9407277255773544;-0.2726715253554066;2.628851007146835;9;-94.75405171949846
2;-0.9534726962637902;-0.27121247212978966;2.4684110147261618;10;-98.34210356700875
2;-0.9568824797511101;-0.2998213470695799;2.438258170900345;15;-98.51098529351113
2;-0.9510448397994041;-0.2535179730790457;2.4796741938352587;11;-97.24698299216337
2;-0.9532605045747757;-0.25294013432041873;2.432361364593506;13;-97.38866872085383
2;-0.9493377704429626;-0.29978441866159095;2.567855880150795;50;-94.45092954950265
2;-0.9527091204690933;-0.2912639734131892;2.397013571062088;60;-98.94698206707743
2;-0.9546777551388741;-0.2932827888589993;2.46884480471611;2;-98.25028359611332
2;-0.9580465729641915;-0.2704773456457449;2.3658881125211715;56;-99.111748771251
2;-0.9522222327828407;-0.30416338960671435;2.503237198929787;51;-97.58296221945206
2;-0.9451539025735856;-0.32159820365312747;2.592836779398918;42;-96.39332825996476
2;-0.9414902963542938;-0.3169611252919602;2.737239398226738;63;-95.80846340791926
2;-0.9541288722586632;-0.2745028362296651;2.4303409259557722;44;-95.83713100811997
2;-0.9582383899140358;-0.28711759125888203;2.4004705456089974;46;-97.43681795481166
2;-0.953324791791439;-0.29754979038109347;2.348007952914238;7;-95.77878242662786
2;-0.9403002801251411;-0.29642494401952457;2.713784048547745;47;-96.48479250168313
2;-0.9520379072761536;-0.26050330985455095;2.4230543454933167;12;-96.51359328217087
2;-0.9452806583213806;-0.24691583955443322;2.563785214266777;49;-95.96925338893168
2;-0.9482849644684792;-0.2926253711207034;2.4774066592407227;61;-97.15994620030213
2;-0.9512298883724213;-0.301889825920031;2.5626002344107626;1;-95.51686288504246
2;-0.9488826681113243;-0.3018807950137389;2.4698610721826553;62;-95.2921858153542
2;-0.9521513070607185;-0.28882435140102525;2.43419286157608;52;-94.56655893024939
3;-0.8835766545200348;-0.08890512730123905;3.4554905289697646;0;-77.20509824009501
3;-0.8907314189052582;-0.07932519107032313;3.2165645555257796;5;-76.4807266463846
3;-0.8827493855476379;-0.09577717096601908;3.4025084677410127;21;-76.98530127145143
3;-0.8838623726558685;-0.09731194962499722;3.4061871997499464;17;-77.80057275432232
3;-0.8888700875520706;-0.09697574999297467;3.254999333884716;24;-77.9948407014825
3;-0.8882163059186935;-0.09866080105567351;3.2932047161102296;10;-79.05693611727588
3;-0.8868410892224312;-0.08704702722301788;3.2809578171777725;16;-75.66165884398436
3;-0.8862789305567741;-0.07462785061990669;3.225666601104736;11;-76.39700472881535
3;-0.885708235912323;-0.07475738405404321;3.410803501639366;19;-76.13037343125079
3;-0.8879878466796876;-0.09262245403575974;3.1910633715939523;13;-75.81279871192962
3;-0.888521099627018;-0.11915711231739268;3.3199681035852433;22;-77.43657770612846
3;-0.8850931256175041;-0.054607001366492644;3.228908394870758;12;-75.41700348431198
3;-0.8885669020748138;-0.08281207557418464;3.264172704696655;9;-76.45635590260765
3;-0.8846252341556549;-0.11095423999523897;3.421640395708084;27;-77.16476066562451
3;-0.8848030684494972;-0.0578405211976335;3.2220093691778184;8;-75.5539127782727
3;-0.8886932478809356;-0.07586769962536084;3.1904545398569106;14;-77.71694862402302
3;-0.8894362217473983;-0.09069361724923848;3.2489515036726;3;-78.3385937937069
3;-0.892330969119072;-0.11040426882455333;3.200545186364651;30;-78.44612641680543
3;-0.8864769065976142;-0.10758152982870932;3.2838731952619553;2;-76.72281117487144
3;-0.8860130567598343;-0.08300705419922924;3.2635217428731917;15;-76.692942449871
3;-0.8916268361258507;-0.14453179381310957;3.3433739869880674;28;-78.64171664912499
3;-0.89072491481781;-0.09132685792858947;3.179831742696762;20;-78.61195970002893
3;-0.8847141484689712;-0.08988249908481381;3.4234737462329865;26;-77.08017738033337
3;-0.8884372307085991;-0.12682494474131323;3.304519659333229;25;-77.73873893849014
3;-0.887643607032299;-0.0997102808586916;3.240863877439499;1;-78.22574579876121
3;-0.8848695498609542;-0.05823857333088914;3.252091518371105;23;-76.59957344586539
3;-0.8876783231425285;-0.06343240321857893;3.274912687954903;18;-77.36517315549456
3;-0.8835894338417053;-0.09934198516043369;3.432695948843956;29;-74.57277373684943
3;-0.8890234748148919;-0.08038282183811614;3.272398242726326;4;-76.45880413140561
3;-0.887340699493885;-0.1164922609119114;3.3430909532785416;7;-75.84808514402155
3;-0.8859213084602356;-0.0991466966034234;3.359444923253059;36;-78.39321665903375
3;-0.8817873986840248;-0.05148366974152923;3.3322232878875733;6;-75.14912483159848
3;-0.8876396754217147;-0.10685810766690501;3.2329484650325777;32;-78.41992176667657
3;-0.8866425067377091;-0.07266565156868063;3.201113889966011;33;-75.76194831304853
3;-0.8884649018287659;-0.07798811824375816;3.2363528665971755;48;-78.06793793243779
3;-0.8876729393482208;-0.1272950712901606;3.3222448697566986;43;-79.13081691858598
3;-0.8880736044764519;-0.04512695489872436;3.134437686829567;31;-76.73420210244943
3;-0.8905707203793526;-0.09309410546450153;3.188646155896187;37;-78.22649153402688
3;-0.884637695684433;-0.05268810811180039;3.287248646787405;39;-76.62277034939976
3;-0.8850737976288795;-0.09455648499833172;3.3517933962535857;41;-77.13090404254638
3;-0.8804468162178993;-0.05923262926967069;3.395376875476837;47;-76.76531920975049
3;-0.8864409659719468;-0.11261042573613306;3.3198873997318743;63;-76.42923169376138
3;-0.8854454443025589;-0.0930261576656507;3.426282449326515;35;-77.39103968598101
3;-0.8853172918987274;-0.055044034559001156;3.223896538014412;42;-76.50643948762242
3;-0.88404782725811;-0.08289074588075014;3.381257314391136;34;-76.33812343589521
3;-0.8855937577462196;-0.07428061826735491;3.338177209882736;44;-76.36613271202361
3;-0.8813483609175682;-0.07209710125421796;3.425468835493326;38;-77.29930913931729
3;-0.8844679244661331;-0.08601245165457362;3.4115825360631944;61;-76.21385259980707
3;-0.8874958485078812;-0.12158590077588935;3.3300110390400888;60;-76.84410595430984
3;-0.8873476679468155;-0.09177834678615475;3.193155697507858;52;-77.86789322168833
3;-0.8864045937752724;-0.09213159941184096;3.3881466903209687;59;-76.16525967336669
3;-0.8868794285178184;-0.07248988752987003;3.264256953010559;49;-77.09257758911806
3;-0.8868395202684403;-0.10488141613678836;3.251437720298767;51;-76.77722745631462
3;-0.8893410569119453;-0.09638337197621848;3.257655473642349;40;-78.0729358188231
3;-0.8829766322994232;-0.08008092584458026;3.297082860608101;62;-79.20105299619613
3;-0.8879190363073349;-0.061564362777785216;3.189717660341263;55;-77.61083399728844
3;-0.8866152400946617;-0.11114347959532145;3.406198191497326;45;-78.45409844663753
3;-0.8875922591972351;-0.07026341356144274;3.2397500356054305;46;-77.6565696187198
3;-0.8868237622117996;-0.09970382537368037;3.325185484262705;58;-76.19385874994266
3;-0.8899267587590217;-0.09083747735338162;3.1375727674007416;53;-77.15492403158194
3;-0.886542243847847;-0.08903799351086683;3.3615132485079764;50;-77.71277704821749
3;-0.8838648840498924;-0.08192532414473266;3.3785259060287474;64;-76.44646646235924
3;-0.8858382154965401;-0.14355939910111784;3.5164574865984917;56;-75.03774338906446
3;-0.8879781054043769;-0.09236819314433849;3.3275294643831255;57;-77.80503505589208
3;-0.8857628310012817;-0.09311268106539676;3.4052504078769683;54;-76.49256884094983
4;-0.8745462419962883;-0.016321995267755574;3.424595574269295;0;-68.20881932791087
4;-0.8764967941522598;-0.008620473424760458;3.404968035466671;14;-68.8373105475991
4;-0.8763596926808357;-0.013572362813605724;3.3601810706233977;18;-68.69800583971553
4;-0.8772299148678779;-0.034961693348900175;3.378127364420891;12;-68.54003008341145
4;-0.875912850511074;-0.016688473102773733;3.352776969327927;10;-68.69143041746602
4;-0.8760487459301949;-0.015352804536090262;3.4045002023267745;13;-68.7737088610158
4;-0.876440444457531;-0.019710957174062533;3.34935184466362;7;-68.79919238381399
4;-0.8767862527060509;-0.03055988428665174;3.377788164284229;27;-68.93939327202362
4;-0.8754333338403701;-0.017477690077479055;3.3910876181781293;8;-68.46010654057724
4;-0.8773626108622551;-0.027485230354857632;3.341893341052532;1;-68.46571368626343
4;-0.8775027136778831;-0.03147757468762535;3.362811433298588;9;-69.01850605649815
4;-0.8764826057815551;-0.023889071722265363;3.3803698809218408;11;-68.5708105514466
4;-0.8756450335073471;-0.027485939495829736;3.3862034719777108;21;-68.40524774933577
4;-0.8764685599708557;-0.008628978692630662;3.359838338983059;15;-68.75277080313536
4;-0.8764602302932739;-0.03101441412895553;3.408950542626381;2;-68.97298355295052
4;-0.8759283966445923;-0.010049717428201911;3.3799137575411797;23;-68.57455815551357
4;-0.8762742762351036;-0.029352644335531804;3.4241986390542984;28;-68.70212211934005
4;-0.8760227034282684;-0.019919939593356868;3.3851885621905327;5;-68.55942883682908
4;-0.8731022144198418;-0.006296883476079565;3.4375905426549913;4;-67.98139838086112
4;-0.8764895011591911;-0.01786220684754915;3.3912747163927555;3;-68.94466195427516
4;-0.8763187714815139;-0.023812184712158305;3.4249954633140565;24;-68.91925330441259
4;-0.8775076460599899;-0.024854456129482786;3.377828919520378;33;-69.12938066135082
4;-0.8776300945591926;-0.037627292536670576;3.391143807001114;30;-68.84703069023067
4;-0.8760602426958084;-0.0272953639373248;3.4534504115390776;22;-68.83314920905094
4;-0.8773619872927666;-0.027691223082614343;3.3659331333971023;25;-68.73379966493758
4;-0.8761220596909522;-0.010779785636630259;3.3914642342472074;39;-68.40409236140621
4;-0.8754319990277291;-0.025065696821468135;3.443838225107193;26;-68.04536154189802
4;-0.8761559792757034;-0.00025043021939801294;3.3439533263158796;35;-68.75594008678127
4;-0.8774488739776611;-0.032309756997756484;3.380699878926277;32;-68.54316535834032
4;-0.8774166953945159;-0.02378160874965265;3.383527026181221;42;-68.33266260202333
4;-0.8766071581029892;-0.032120171444446025;3.384364875984192;34;-69.22245917050515
4;-0.8776120810508728;-0.03090565893069781;3.3989382549381255;37;-68.62619030187365
4;-0.8788000935339928;-0.04443735154136006;3.402585971059799;17;-68.66009561294838
4;-0.8764046795225143;-0.021381204008274035;3.3568869302272795;16;-68.67194646484856
4;-0.8769227836704254;-0.018203395436469864;3.3498552521038056;38;-68.50356516644469
4;-0.8772479650187492;-0.027912784952768607;3.346486345500946;36;-68.77201860286975
4;-0.8790584035921096;-0.04222114046698909;3.391471728849411;41;-68.85653452747947
4;-0.8770388384342194;-0.046449891984227325;3.4452680730867384;46;-68.86041056939983
4;-0.8772039219379425;-0.030364706188009186;3.350332347507477;6;-69.03925761602564
4;-0.8774062148118019;-0.048203496941981214;3.3790515655183793;47;-68.65795183200399
4;-0.8770134647774697;-0.022684258813166415;3.3874981452083586;20;-69.07299475914178
4;-0.8762349719762802;0.0003610059058735715;3.3418626441204546;48;-69.04647414488078
4;-0.8764639584589005;-0.02940822474651344;3.389451069607735;19;-68.70200549575968
4;-0.8759079602909088;-0.008446375447296013;3.415071348133087;52;-68.21970385466842
4;-0.8779577407121658;-0.019609965851242778;3.3604071144652368;43;-69.0676193206722
4;-0.8775606055021286;-0.03167116306563634;3.356429049475193;49;-69.13139682444522
4;-0.8758575380492211;-0.026451162918457574;3.4288394389534;29;-68.70928389082205
4;-0.8771186285281182;-0.02725963239821636;3.3784612296390533;51;-68.4668869870375
4;-0.876200677626133;-0.0028095353997999884;3.3286732285785674;31;-68.85542722286074
4;-0.8763347923946381;-0.012158619638808668;3.352736778945923;40;-69.12739551763889
4;-0.8754671940207481;-0.016909902538056458;3.400286108279228;44;-68.35729819932362
4;-0.8758150008559227;-0.012792164021787612;3.397525295352936;45;-68.5932608858811
4;-0.8782323880171776;-0.05207853951988385;3.389126259007454;50;-69.16855978656012
4;-0.8766674805736542;-0.024895162812209673;3.3991075375032427;56;-68.8275555280292
4;-0.8784855024075509;-0.04049785514644951;3.368848693509102;63;-69.28575904055342
4;-0.8762240943026542;-0.024421348090416396;3.3756258973550795;54;-68.91781539665203
4;-0.8770237183690072;-0.04860765182401159;3.4206655255937575;60;-68.9964751912596
4;-0.877536721856594;-0.021655329902459126;3.3385749367904665;62;-68.72281892993003
4;-0.8770128338813782;-0.011845300172616462;3.3417305681037903;61;-68.96874644737717
4;-0.8767777781653404;-0.01695164850826288;3.4347184574246405;55;-68.54609628275144
4;-0.876099042737484;0.0012992500396893957;3.3348009578418734;59;-69.20563396061854
4;-0.8780780272054672;-0.032392418840178724;3.4013639682602883;58;-68.83830836824683
4;-0.8769536470890045;-0.016700621225807337;3.3586696995782854;53;-69.03432517171275
4;-0.8766753601837158;-0.025986922868968868;3.402259869618416;57;-68.31086896935597
4;-0.8760850272798538;-0.0007800609148174772;3.331350760154724;64;-68.27769877292017
5;-0.8736046889281273;0.14316549435285142;2.9894664182019235;1;-64.2020436980141
5;-0.8688857819962501;0.12900734318576548;3.15990442145586;9;-63.44883503000669
5;-0.8699193952727318;0.12090047359399497;3.1528325571250915;5;-63.74239977355293
5;-0.872163230650425;0.13111220115920166;3.083158014473915;18;-63.46761599429842
5;-0.872132111916542;0.13390594993806007;3.095952147016525;12;-63.37542627031297
5;-0.870817727754116;0.13263726353099928;3.1095092019224166;15;-63.802541065348656
5;-0.8717227915215492;0.12946579893249452;3.0638703356075285;22;-64.23483912261636
5;-0.8716433797621727;0.1397221583869365;3.070850486512184;24;-63.191309621711724
5;-0.870271367816925;0.13773375234637453;3.1357828763103486;13;-63.09974464099336
5;-0.8698689295625687;0.13931299062335115;3.149850285410881;14;-63.613166675689484
5;-0.871399515311718;0.1270554493272898;3.1095749810528757;4;-63.86213626313958
5;-0.8709089208865166;0.13671877608964475;3.080135491132736;3;-63.68852119923839
5;-0.8704889447760582;0.12791256278627036;3.1223432273387908;10;-63.98172598571466
5;-0.8714961469006538;0.13526255207791824;3.0768606375360488;7;-63.30705792467018
5;-0.8710748165845871;0.13326165187271244;3.1082774566197395;19;-63.345178419954614
5;-0.871131263256073;0.12384635635771149;3.1106017572784426;16;-63.5838268995885
5;-0.8708943442869186;0.1317528096942084;3.095912577059269;6;-63.64011707634801
5;-0.8698174237394333;0.13711624702107503;3.157382287955284;17;-63.284587876917
5;-0.8712069036579132;0.14208156398372565;3.085209888433218;2;-63.937034772215796
5;-0.8710841563677788;0.122716312670353;3.123448591213226;8;-63.948151146400456
5;-0.8700843160533905;0.1460878227293161;3.107654966375828;0;-63.34867979563475
5;-0.8700041328334809;0.12771767021701716;3.123809728188515;42;-63.69511546033468
5;-0.8707387929844856;0.1265389910536035;3.1144053853940963;26;-63.3239996223882
5;-0.8713134166908264;0.1414364825748027;3.1101062925434113;20;-63.33154316462939
5;-0.8718259450674057;0.12403020317466726;3.091442695279121;38;-63.84273218997609
5;-0.873580310819149;0.1358883440984068;2.9927331258821486;25;-64.06957664307123
5;-0.8725241143798829;0.13667487946257784;3.046712946777344;41;-64.06306535746613
5;-0.870902354683876;0.13264594191272444;3.076656954488754;31;-64.02160273797352
5;-0.8707554180240631;0.14212869870661352;3.0930298835897445;30;-63.27538064363719
5;-0.8709536363577842;0.1195536385253301;3.1315173227977753;36;-64.13842797756698
5;-0.870052968761921;0.13204573323013835;3.1706851530599596;11;-63.735476476719604
5;-0.87228303576231;0.13524266812028363;3.054987979798317;37;-64.03347241996977
5;-0.872953897395134;0.12627768431875622;3.053111938428879;62;-63.719693402441095
5;-0.8686746421289444;0.12345660915447233;3.1671803722000123;33;-63.62696535659342
5;-0.8715307904434204;0.13500616904314125;3.081905220966339;27;-64.05714633443763
5;-0.8714312096977234;0.13254633116072037;3.076989726729393;39;-63.39495066062073
5;-0.8705311231422425;0.14372426050828682;3.121484279565811;28;-63.87178064772485
5;-0.8696333570671082;0.12008388611893561;3.154194570593834;58;-63.57506967732792
5;-0.8721395241522789;0.13735899817359315;3.0380188441944123;40;-63.6210302034737
5;-0.8693742518115044;0.13392699640000486;3.154421991266012;47;-63.526466562862986
5;-0.8713378488254547;0.13487978742527637;3.1131008882427214;23;-64.09197456894015
5;-0.8693571667909622;0.13864150077720086;3.1385715497970583;48;-63.499901089870384
5;-0.8710465546941757;0.1360658836654101;3.1106037887454034;34;-63.21797902903385
5;-0.8707135715913773;0.13802497175748168;3.0950926440262796;54;-63.89567572279968
5;-0.871006605746746;0.131827138077824;3.1409404491472244;29;-63.143224508399435
5;-0.870455845155716;0.13355865153744076;3.1137497878837586;49;-63.48759018259865
5;-0.8699622546601296;0.13491245187302425;3.131225009255409;32;-63.66639345442284
5;-0.86890188839674;0.13486266811926573;3.1453714792013168;60;-62.98077098202656
5;-0.8698851303482056;0.12666344968609702;3.1116426960659025;21;-63.82682101495624
5;-0.8715556858873368;0.1427372317202718;3.0883254612076283;56;-63.74819216151793
5;-0.870202386815548;0.12952537919255813;3.181291857843399;35;-63.43220207915041
5;-0.8717207832717896;0.12708863828048925;3.110329074677229;55;-64.10687189749305
5;-0.8701210729432106;0.14776956128713267;3.080038939552307;51;-63.547403962279404
5;-0.8692549908232688;0.12452239067879513;3.1910000466918946;52;-63.64190153462846
5;-0.871860343735218;0.13878083247754622;3.042538753957748;61;-63.635275893043264
5;-0.8691390071964263;0.12758885466327138;3.19200901825428;57;-63.4536981335617
5;-0.8726967285990715;0.13299370209171774;3.057869556927681;50;-64.11832013919734
5;-0.8713381674218178;0.14867195672831512;3.1106505277442933;59;-63.4497767685046
5;-0.871276785185337;0.14455128537205753;3.083056135120392;63;-63.5724302746683
5;-0.8706872326517106;0.13729611793746438;3.1220370732545852;53;-63.53841474521201
5;-0.870244779996872;0.14107239742528188;3.119398366727829;44;-63.18444581400196
5;-0.8715368988895417;0.1387640004014963;3.072815768909454;46;-63.16333937640223
5;-0.8710244748806953;0.12763137571287111;3.112651866569519;43;-63.70690011133826
5;-0.8712222220945358;0.13574189117240953;3.0917208821201325;64;-63.43893756355879
5;-0.8648860970616341;0.12264513531197548;3.3500815249967575;45;-62.123272594575944
6;-0.8720264912390709;0.05844413082929757;3.433110755007267;3;-63.513315465963885
6;-0.8724913792824746;0.05185114094539828;3.4355608056998252;16;-63.26897382178101
6;-0.872577917766571;0.05842827692554496;3.4124943212032317;4;-63.6502686948617
6;-0.8719775816297531;0.053059171423242985;3.4637021562051773;6;-63.44428764591952
6;-0.8724464941477775;0.06281009903211535;3.431551586575508;7;-63.39919675308824
6;-0.8718738746476173;0.06456347429566264;3.42526421318531;5;-63.09631878331913
6;-0.8716736748456955;0.06313699457141574;3.449727709608078;0;-63.51124051250008
6;-0.872449812347889;0.05868560974525901;3.4160337914776804;18;-63.163930144496796
6;-0.8725849962997436;0.045614765718882955;3.4405031037282945;17;-63.16813895273718
6;-0.8720039071583748;0.05296205854333777;3.4381014792728424;24;-63.03021306467504
6;-0.8710524319791794;0.0539297829783629;3.4606966407227517;19;-63.42129653487029
6;-0.8717401414561272;0.061311708076161216;3.434305468916893;2;-63.51802728794386
6;-0.8721791365361213;0.06290643004879297;3.4313348116254807;1;-63.28546142865173
6;-0.8716980612111092;0.06284895118340122;3.471431686940193;13;-63.10812867271072
6;-0.8724872512578964;0.05816418974301552;3.427034888958931;21;-63.154681336146176
6;-0.8725160034298897;0.05785513567608121;3.429977298102379;10;-63.383163891897105
6;-0.8728307422542572;0.05895546154871314;3.4194766162109373;27;-63.18710396405777
6;-0.8722956507587433;0.05950043512466619;3.4394313327789305;15;-63.342716629040474
6;-0.8715084947299957;0.06173195412989393;3.438629232981205;29;-62.94535025972083
6;-0.8720514407444;0.06208494471890732;3.4280345624303816;32;-63.16411863970999
6;-0.8725269819951057;0.058429466276829226;3.4153220168161393;30;-63.258887550051966
6;-0.8717068212795258;0.062012428016960094;3.4356743009853363;23;-63.60602704575654
6;-0.8724120927572251;0.06498180138242358;3.4246036081504823;12;-63.131003522229555
6;-0.8712752312374115;0.0661311979675632;3.43796236823082;11;-63.042491610222726
6;-0.8725406837034225;0.054733261335615645;3.427889350953102;22;-63.158071498301005
6;-0.873442758231163;0.05473046020998878;3.400807074542046;26;-63.67485405428564
6;-0.8708365989208221;0.06251307888011727;3.4608000887298584;14;-63.126967438243206
6;-0.8724078123807907;0.06208628461857759;3.440619523841143;20;-63.55855125754712
6;-0.8718160781741142;0.06561634062262725;3.437942695417404;8;-63.15205416425788
6;-0.8720025774478912;0.06153797328974068;3.4331785959625245;9;-63.5332732245233
6;-0.8716483516216278;0.05327504884542397;3.455687154562473;35;-62.96233088905643
6;-0.8721975514292717;0.0566223539126305;3.4392128814315797;25;-63.170291076699016
6;-0.8729380935502052;0.05454344200695214;3.4365239367961884;34;-63.53041206880098
6;-0.8718170800304413;0.053261596282525504;3.4344466635632513;41;-63.30654169650917
6;-0.8721708332014084;0.06185663938892938;3.4385196725702287;36;-63.51026058546888
6;-0.8728121911025047;0.06275835163566106;3.4096817706012725;45;-63.62162366931995
6;-0.8724204186177253;0.055035280914612884;3.45042072555542;33;-63.24088538945942
6;-0.8736784649848938;0.05372121515663773;3.4034221043777464;44;-63.33450860513951
6;-0.8713151003575325;0.06677635771267822;3.4437513171958924;39;-62.864652244134454
6;-0.8720166832208633;0.06166725407175145;3.4380064670586585;42;-63.2449786209232
6;-0.8724374675798416;0.05595791784259541;3.4273267383670807;47;-64.04023261225939
6;-0.8721501566290856;0.06271474302040952;3.42137481164217;43;-63.35868242869204
6;-0.87330429895401;0.051974864821047614;3.4185845901989937;46;-63.61149616345365
6;-0.871881358923912;0.05684663415524119;3.4347104537558555;48;-63.41769931328436
6;-0.8713138107633591;0.06859470535826287;3.4514831114435194;31;-62.860557108539254
6;-0.8717326156544686;0.055126240165720035;3.4551266892385484;38;-63.12828799742294
6;-0.8719512413549423;0.060788649855505375;3.4435772053468225;28;-62.97727310297826
6;-0.8720084111618995;0.05216662028663819;3.447328181481361;37;-63.139671447908015
6;-0.8722174269199371;0.053310635137225997;3.4327880162334443;40;-63.233557705469785
6;-0.8716151599240303;0.056236259836450975;3.4461324271941187;52;-63.379484638046684
6;-0.8723106775140762;0.06561566604437735;3.4310644265937804;49;-63.10219164162415
6;-0.8725060616970062;0.05523534621745472;3.4311202052998544;51;-63.37761733152672
6;-0.8719538645625114;0.06220312778132328;3.4308812168645857;54;-63.53194877137088
6;-0.8726963357281685;0.04861318137914508;3.4326520474481583;56;-63.489946744581616
6;-0.8710182662940026;0.055235614884039205;3.4863716473221777;50;-63.536844233760625
6;-0.8727279893064499;0.05477443218850363;3.4247705775642396;53;-63.37093803229209
6;-0.872617689795494;0.06388486189347907;3.4206260798335077;57;-63.147624177040996
6;-0.8721809443449974;0.0636590802495987;3.421516178331375;58;-63.3032462736487
6;-0.8721480622243881;0.049753391229589924;3.4307280020713806;55;-63.588215771006666
6;-0.8720233090114593;0.05705520927105043;3.439152909722328;59;-63.182800633546236
6;-0.871779898648262;0.05073459511589474;3.4520032638168336;61;-63.132201783619834
6;-0.872398587038517;0.05675457850776671;3.4275157202720643;64;-63.23642562157216
6;-0.8721937716460227;0.06399914067220126;3.418384648525715;63;-63.18709423877537
6;-0.8730641641902923;0.061363911145105775;3.423604831724167;62;-63.43829057892441
6;-0.8720951934456825;0.055570271390252064;3.441426595067978;60;-63.21819871322227
7;-0.8652547527217865;0.14079753500694148;3.3774975869607924;6;-61.994143658674446
7;-0.8630369399452209;0.1500402636206345;3.422961581392288;16;-61.59840482325173
7;-0.863612803888321;0.14278212181892072;3.428378825583458;8;-61.32722836120891
7;-0.8648242070102692;0.14736352981146425;3.382927705831528;11;-61.610979626985035
7;-0.8652515518808365;0.14652699792709872;3.393786855340004;40;-61.62325928848196
7;-0.8633523268890381;0.14970389456200123;3.435181638932228;29;-61.676036021250155
7;-0.8635669342303276;0.1497790178454711;3.4230443057632445;25;-61.35388141790362
7;-0.8646053129458428;0.14873572763590667;3.4126446559095385;5;-61.70374967756863
7;-0.8619457301783562;0.14680821469068456;3.4876233334827424;0;-61.007158286033004
7;-0.8627596061563492;0.14611609058061353;3.449345987672806;22;-61.494603302100764
7;-0.863991520011425;0.14296112973263908;3.4039609655427934;13;-61.246214347151174
7;-0.8639732608246803;0.14336279881040817;3.4206283409404756;7;-61.217083587566215
7;-0.8650295774269104;0.1454932342818171;3.3726559812688826;14;-61.58701715884558
7;-0.863023317644596;0.1451668644967758;3.4588307428073883;24;-61.40371493340651
7;-0.8640299678421021;0.14810013304889624;3.39862691511631;27;-61.39585387444704
7;-0.8631203517699242;0.14611451995582705;3.4618224424743653;10;-61.37526951589487
7;-0.8639836381602287;0.14081498070295842;3.417476896176338;38;-61.67112941217545
7;-0.8651408380889892;0.14286161650618415;3.391490904622078;4;-61.342552982987215
7;-0.86205143866539;0.15336988417211686;3.457153999414444;30;-61.33971450363943
7;-0.8646859130001068;0.14587202377851338;3.362425748605728;31;-61.44591002955836
7;-0.8634105381894112;0.14902890180990916;3.4605626942873;37;-61.304726856806404
7;-0.8625253936362266;0.14296213616948153;3.463194826669693;35;-61.560929335630505
7;-0.8632867210793496;0.14753404071524046;3.4432796952962876;43;-61.40048744760589
7;-0.8643154666781425;0.13860653699523834;3.3965237884283064;41;-61.73590678036478
7;-0.8649086189818382;0.13993670959212606;3.38570404337883;21;-61.570820065802934
7;-0.8625182363963128;0.14386514989561364;3.472040615081787;18;-61.11310909656145
7;-0.8633829640603066;0.1392922481703428;3.432678400902748;36;-61.49343201924953
7;-0.8647423606848716;0.1481120089449505;3.402217966594696;12;-61.61277811350091
7;-0.8640118588399887;0.14929648840938783;3.404731641982794;3;-61.8691832067935
7;-0.864012527616024;0.14157827799696185;3.4304362814641;2;-61.698576939565186
7;-0.8624484327912331;0.14326120946839466;3.45580623390913;19;-61.367375374440805
7;-0.8643440219521522;0.15059322578751017;3.3885153788518907;33;-61.302923785760996
7;-0.864081754090786;0.14004926345635763;3.421358241903782;26;-61.36498761918199
7;-0.8641563371753692;0.14221190771559417;3.413842667570114;48;-61.22706058617142
7;-0.8643456711959839;0.14429315863302877;3.381009398741722;34;-61.70319226290642
7;-0.863769100253582;0.14284633655344597;3.4121024317502977;45;-61.63169570636106
7;-0.8643017671251297;0.15040875149639266;3.404481817715168;39;-61.47319289112323
7;-0.8639660326814651;0.14338230006926098;3.4345128517770767;46;-61.75548886997096
7;-0.8632372578811646;0.14844533664412196;3.4299983763456345;9;-61.690593475115186
7;-0.863705843834877;0.1440316293039699;3.4079205897498133;28;-61.519668018453196
7;-0.8630223325133324;0.14210935135660083;3.4685550208306313;17;-61.24920541178316
7;-0.8631044404792786;0.13954394513837312;3.4239177129673957;32;-61.38935028060738
7;-0.864638682012558;0.1446720017898921;3.4171970256757738;23;-61.8919908143993
7;-0.8628055772995948;0.14679445104019462;3.4285057822299003;20;-60.781572534930184
7;-0.8638597712039947;0.14349909657019003;3.4242508878946305;49;-61.27013108175396
7;-0.865484621629715;0.1303909276284046;3.390947549023628;1;-61.76574204604536
7;-0.8639003453707695;0.15528849649475496;3.4006475526165962;50;-61.46153749269913
7;-0.8644419280123711;0.14445498608288407;3.38397762134552;15;-61.520872205182165
7;-0.8629658074307441;0.14166127671035308;3.476103804550171;54;-61.20144584011863
7;-0.8632206634545326;0.14992045545107888;3.4237814035224914;42;-61.47489118321504
7;-0.8634202053761483;0.1532015233986621;3.3923131297111513;55;-61.66044407136939
7;-0.8648749026107788;0.14527187977768277;3.3839524066877367;52;-61.733668256785506
7;-0.8638468127441407;0.14529010479104312;3.414257702960968;47;-61.41041735775812
7;-0.863486941268444;0.14412956865767482;3.4395560480976104;51;-61.5660037810923
7;-0.8625113343334198;0.1465823123093252;3.4654146960926058;53;-61.351808553946164
7;-0.8633385795569419;0.14303795530080213;3.4197976496458056;44;-61.735196651071384
7;-0.8635727848815918;0.14397674283324247;3.430640530664921;57;-61.57305803311445
7;-0.8640545566916465;0.14292211877781613;3.4176275842905044;63;-61.83660179028713
7;-0.8631784753084183;0.14499217807635495;3.4441616469573977;60;-61.59407788150189
7;-0.8645410300660133;0.140308084945858;3.400238891196251;56;-61.34105975681275
7;-0.8637453388428689;0.15119859819735343;3.406467298591137;58;-61.468999115621656
7;-0.8644131899929046;0.14395210348253026;3.4137948471307755;61;-61.44432560212187
7;-0.8651557543420791;0.1450832731401061;3.3477317565107345;62;-61.673149285462245
7;-0.8623226996183395;0.15144976196626084;3.462332549171448;59;-61.426230325164916
7;-0.863446117362976;0.14583699096316013;3.4148770263051986;64;-61.426424037504916
8;-0.8607230321621895;0.17324720309371652;3.423591280283928;6;-60.69325834414332
8;-0.8597669565439224;0.17655362705885258;3.45509573836565;2;-60.642164652769495
8;-0.8608110093331337;0.1725990845605184;3.395352757229805;0;-60.42812965747896
8;-0.8602850552344322;0.17528175490639303;3.4216701302433012;1;-60.15461472503457
8;-0.8603050547266007;0.1694639168760483;3.4177492214775085;8;-60.715073346489056
8;-0.8605312871289253;0.17450204176392406;3.40994672501564;5;-60.71333871849822
8;-0.8610741603207588;0.1702855411404486;3.374307913303375;11;-60.432734832317365
8;-0.859868651418686;0.16698254518760602;3.4350989827537535;13;-60.203066243889815
8;-0.8595834294629097;0.17027819536628608;3.4351066560435295;16;-60.24625756195243
8;-0.8586472598338127;0.16930695494247833;3.4594746718740463;9;-60.05501050303182
8;-0.8611916953372956;0.16823101101756677;3.4231035811913015;12;-60.473700779454624
8;-0.8603192144703865;0.17347302007323306;3.4368877655506136;21;-60.726794331505644
8;-0.8599198938035965;0.1727321616611308;3.438372008590698;23;-60.29940894013034
8;-0.8589735212182998;0.17786654374024133;3.43347440489769;37;-59.99571936556836
8;-0.8591820036625862;0.1768371057992836;3.458596717815399;34;-60.288263845452946
8;-0.8611523074698448;0.1715652215020856;3.4313006452035903;33;-60.507918003591364
8;-0.8605852581214904;0.1843390501265401;3.3985522653985023;17;-60.45127510778138
8;-0.8591125298237801;0.1775027930502247;3.4407598751974104;7;-60.22237779195738
8;-0.8591449527978897;0.173449874810205;3.463782611017227;40;-60.05498519249623
8;-0.8601351259422302;0.1767231702203965;3.414590858502388;3;-60.393741305297056
8;-0.8601526928043366;0.17551858246417948;3.411341099362373;35;-60.480965440332376
8;-0.8603964875721931;0.17828460044194647;3.404200039110184;4;-60.47747759413335
8;-0.860473436357975;0.1703492106291876;3.405435375289917;31;-60.64472495683896
8;-0.8609454405665398;0.18063839711961335;3.411055104355812;24;-60.734592376230594
8;-0.8608999978709221;0.17423966383662468;3.4078384567189217;61;-60.35222410157202
8;-0.8596610815238953;0.18051706298569684;3.4155416336154936;20;-60.39431128142486
8;-0.8596301627469063;0.1763438241866742;3.443101338098049;38;-60.29524117015967
8;-0.8604475377130508;0.16609732745734726;3.4035914432787897;39;-60.61795142963384
8;-0.859172894616127;0.1818857092606253;3.4525000104093553;15;-59.81038721228054
8;-0.8592485447716713;0.17673769224272545;3.445641692276001;14;-60.234442135394474
8;-0.8620619634842872;0.16674130513459676;3.383722123246193;50;-61.07983809077188
8;-0.8594244584774972;0.1665753380330326;3.443721715989113;10;-60.46213021171942
8;-0.8603791201782227;0.17330797995749775;3.419646112551689;51;-60.4604491650276
8;-0.8601332353639602;0.1723427120093789;3.409533137021065;49;-60.30939167119663
8;-0.8600607499742507;0.17403818818055383;3.4064115942811966;32;-60.4913439236357
8;-0.861223381793499;0.17659452504767287;3.3992560759711266;57;-60.83389670364041
8;-0.8600288945245743;0.17926317829417734;3.406738910522461;44;-60.568835409429326
8;-0.8602750480794906;0.173942184017041;3.4079296457338333;56;-60.2995686305054
8;-0.8593077602648735;0.1759714478644996;3.440949766418934;18;-59.97396664245572
8;-0.8596877185964584;0.17842293290711808;3.4272478251600265;59;-60.211380700637484
8;-0.8600071460103988;0.17788854774348292;3.421017289469242;30;-60.205409984002344
8;-0.8611148642659188;0.17098122802823623;3.3993856605672836;22;-60.514283510990346
8;-0.859902967338562;0.17400493939259787;3.4160832626342774;25;-60.12013145700606
8;-0.8583543629741669;0.17816229016959667;3.4582779621696473;62;-60.21083150631677
8;-0.8599542202568055;0.1750386868724029;3.446412040679455;43;-60.73829979231128
8;-0.859550560309887;0.17909748398670228;3.445317743999958;60;-60.49081398013021
8;-0.8597968316650391;0.17383715512636613;3.412282350523472;28;-60.35410631556807
8;-0.8625031178903579;0.17540339769967672;3.336122266731262;55;-60.7580188567248
8;-0.8609707448291779;0.17399643376917578;3.394879656944275;41;-60.65636291491716
8;-0.8605903674340248;0.17142380769778537;3.408448677697182;53;-60.707373435712945
8;-0.8591817546486854;0.17488650969922076;3.441174355187416;47;-60.36238985286719
8;-0.8606493907904625;0.1733977074504729;3.3962920604515077;29;-60.46914674567465
8;-0.8610181949877739;0.1706249479547904;3.3957025292921066;27;-60.854380577287465
8;-0.8586983033227921;0.16797430054301862;3.4734924872517587;64;-59.98706092525588
8;-0.8612382282447815;0.16879119858343503;3.3922724424648285;45;-60.670963985023015
8;-0.860570573849678;0.1793250989062694;3.406679510412216;48;-60.34972265431104
8;-0.8603163849401474;0.1751196606466585;3.4001211993551252;63;-60.18434864715616
8;-0.860787473976612;0.1752704639946262;3.395503747487068;26;-60.64208787660535
8;-0.8603377361321449;0.17165639161382398;3.4094196096467972;58;-60.315321598785175
8;-0.8600047037363052;0.17306363299840974;3.4047378038597107;19;-60.52467555590419
8;-0.8598489370036125;0.18128947969254958;3.4414430945205687;36;-60.67586956135403
8;-0.8606314233088493;0.1728958333200781;3.4306099714946745;52;-60.47593192690682
8;-0.859513210401535;0.1736019017204229;3.4293981807255745;42;-60.50600506696762
8;-0.8598315814757347;0.18020079091004562;3.431227958650589;46;-60.453961538099705
8;-0.860628172647953;0.17251898113779854;3.442206584422588;54;-60.58511573074475
9;-0.8587339392066002;0.1871607283547049;3.4257854034781454;1;-60.12466983291712
9;-0.8585479950690269;0.18304650157813682;3.3841857619190217;9;-60.179869423964725
9;-0.858663409895897;0.18053796192434615;3.3888803092193602;13;-60.21709977346887
9;-0.8597152654385567;0.17291912475087623;3.3723514183521273;0;-60.41641509688581
9;-0.8596290374922753;0.17660498420020118;3.383269634757042;10;-60.113712180878565
9;-0.8589134384441376;0.17909705203303805;3.397939907873869;11;-60.31444496017997
9;-0.859624175605774;0.183040086595263;3.359767942597866;21;-60.11571525626658
9;-0.8582238232326508;0.1817083344062802;3.406923548407555;7;-59.9277605649869
9;-0.8573402966475486;0.184858745956294;3.4417404137420653;8;-59.829621969251605
9;-0.8588367302703858;0.17966820011514706;3.4003758983898162;14;-60.165839330928534
9;-0.858954838039875;0.17782007668599137;3.3778766589307785;16;-60.17337494659715
9;-0.8580439072704316;0.17823054367043573;3.4153081077194214;4;-59.98639738042617
9;-0.8610360800909996;0.17898059740641853;3.3469549878692626;12;-60.43399277184699
9;-0.8591070912790298;0.1757790488089483;3.39802653979063;6;-60.34115041964368
9;-0.8591583593535423;0.18168763558261214;3.3810242897844316;3;-60.449915576899514
9;-0.8581101443958282;0.18585162707735087;3.4310077294492722;20;-60.03677814567148
9;-0.8599171340250968;0.1793502788728918;3.3556014420747755;2;-60.08351852557334
9;-0.8591382944226265;0.18380359164449184;3.4080138135766984;19;-60.32579405827023
9;-0.8576976836824417;0.1793114477573725;3.434167663362026;18;-60.096416401911576
9;-0.8581643901205063;0.17954914989413287;3.4308294046783447;27;-60.3390360564949
9;-0.8607342186927796;0.18083330359229846;3.332783912565708;15;-60.64736105838113
9;-0.8599090093445778;0.18448220107378205;3.333683695960045;24;-60.44705055787899
9;-0.8594512023925781;0.18178082999700565;3.3939643387532232;25;-60.350637064620415
9;-0.8578495032906532;0.17806941218872904;3.402087390217781;23;-60.063589581719846
9;-0.8607885896611214;0.17375635489178065;3.347525174584389;17;-60.4836568314724
9;-0.861222313849926;0.16870853913084954;3.3469644406032564;28;-60.515562738551694
9;-0.8607280151820182;0.17918736429180512;3.3447918991160392;29;-60.522709732957246
9;-0.8583030772209167;0.18781021559035058;3.393766468374729;5;-60.17206130223877
9;-0.8610342743110657;0.1751469932482962;3.343096718673706;30;-60.52799606709422
9;-0.8586742561244964;0.18271920631330704;3.3958968150806426;49;-60.44473596610711
9;-0.8588435266327858;0.18048952971925494;3.391463474149704;31;-60.33494666322639
9;-0.8606448611354828;0.18663581082197242;3.3420493766236303;37;-60.270811597429926
9;-0.8600271412277222;0.17568000107401763;3.4058873685216904;26;-60.425549628912954
9;-0.8596541465044022;0.18535408261464267;3.413134487543106;36;-60.37031955388143
9;-0.8592375611114502;0.1921888627455535;3.385871090312004;57;-60.43847627564544
9;-0.8593006447982788;0.18163214855242113;3.36299445912838;55;-60.043214967591425
9;-0.8602892086458206;0.17788918498684653;3.3639962244701387;35;-60.45352053469637
9;-0.85862893378973;0.17895380237529884;3.414607102308273;22;-60.42047498931903
9;-0.858190537045002;0.18194380488919093;3.3776732428359986;44;-59.97153613394494
9;-0.859557765815258;0.18121786984864505;3.3829743585455416;34;-60.44558437960603
9;-0.8585785771369934;0.18209040541530702;3.3878860160923003;56;-59.801717425050235
9;-0.8606881649398803;0.18398821147843497;3.371461858673096;61;-60.71382384873694
9;-0.8613002107954025;0.17659761372641689;3.3415472163677213;46;-60.54698720862087
9;-0.8573145231509208;0.18428129637402388;3.438207409005165;54;-60.05646964529213
9;-0.8601638182568551;0.17796851879590278;3.3490180572319033;41;-60.357492126682885
9;-0.8592787871980667;0.18197057158030452;3.364954375281334;39;-60.06059167695513
9;-0.8604417200231552;0.17938225780168432;3.3572180672740934;51;-60.224282649992794
9;-0.8587886769247055;0.18309750425812935;3.380500610780716;40;-60.36634064926054
9;-0.857524467587471;0.17994029966559086;3.4068241560840606;45;-59.940708056377126
9;-0.858893043475151;0.17147171371825273;3.376012855219841;50;-60.334957855297105
9;-0.8606728786921501;0.184897095689673;3.3791576297283172;64;-60.626730706188766
9;-0.8596928179168701;0.18136548673730343;3.364786933889389;33;-60.16108457928643
9;-0.859775776848793;0.1864874705896966;3.3729543424463273;47;-60.491141327575704
9;-0.8616672887897492;0.17404777152134454;3.3456426602983473;42;-60.554577045248564
9;-0.8589771820068359;0.18898058176686522;3.3833484982776643;38;-60.247333542917985
9;-0.8624421811556816;0.17560312937036157;3.307750967042446;43;-60.55872506840097
9;-0.8593819680953025;0.1817460632287615;3.3988870645570755;58;-60.28925616736143
9;-0.8608185816669464;0.18105211548095204;3.3660607629597186;63;-60.39317162942909
9;-0.8598074090957641;0.18092808530218318;3.3857344192457197;59;-60.51578361019059
9;-0.8594339714980126;0.18118348199404893;3.3879260227441788;53;-60.240967828699134
9;-0.8598239649510384;0.1777709136712944;3.3604310183990003;60;-60.17449971452254
9;-0.8590788262414932;0.17837458182908011;3.381060870089531;32;-60.176291265205215
9;-0.8600635898327827;0.17918341514237224;3.385406605718136;62;-60.47713394961863
9;-0.8594283327245712;0.17886539078167252;3.3844659780073165;52;-60.45396801181871
9;-0.8589701271104813;0.18484070073943817;3.4015090899658205;48;-60.4877573683572
10;-0.8596738136720657;0.17042048753504757;3.3498165295648574;9;-60.260558378587014
10;-0.8602753453493118;0.17944876057793735;3.3447405414485933;8;-60.31939250741837
10;-0.8598267697811127;0.17521664608081453;3.346649821398258;7;-60.523423734307556
10;-0.8599421650743484;0.17532689401704002;3.353511123290062;6;-60.40706985884891
10;-0.8610175541877747;0.17342293767529438;3.339222439084053;10;-60.63856444346029
10;-0.861281277282238;0.16996996569631853;3.3211347689151762;13;-60.42327117632925
10;-0.8599978407835961;0.17887616144924773;3.3573057776212694;3;-60.29250352186816
10;-0.8597173592758178;0.16999241608653567;3.3549656821775438;34;-60.90021105875762
10;-0.8582081355929375;0.18084325093527936;3.389080259156227;2;-59.96815858081888
10;-0.8598818888044357;0.17915949814459076;3.35487385330677;32;-60.63073591850049
10;-0.8601133843660355;0.1700646352032415;3.3484138792467117;4;-60.38237070978102
10;-0.8598490610790253;0.1751397582475096;3.355608942670822;1;-60.33255430533145
10;-0.8602960002303124;0.17854944080538174;3.3454205458641053;37;-60.44753113348644
10;-0.8611779138875008;0.18000838896447444;3.3281604390454294;12;-60.60607832909548
10;-0.8593088987278938;0.17752647680344788;3.3725910317873953;0;-59.969112073643565
10;-0.8586042255449295;0.181496623945632;3.372723581557274;17;-60.30163012698083
10;-0.857564186680317;0.17907389051396372;3.417507616658211;20;-59.847192536452404
10;-0.8610343196868896;0.17445996480895265;3.3370562065839766;36;-60.2814562053455
10;-0.859217127046585;0.17759190418123152;3.3551854273056985;11;-60.36683330182731
10;-0.858600011909008;0.17738682898067548;3.381239328894615;27;-60.201907546672146
10;-0.8599107021474838;0.17531660873997068;3.346858286089897;31;-60.48420179705175
10;-0.8594211258339882;0.18198485547890653;3.358281692829132;59;-60.277036345127094
10;-0.8588739609670639;0.17581985840176056;3.366266422653198;26;-59.98586043504108
10;-0.8615382215046883;0.17633178469203006;3.341081619756222;45;-60.56757442466763
10;-0.8597518330216408;0.17692012814170566;3.3316428505909443;43;-60.472033108461225
10;-0.8601352206802368;0.1762983221113973;3.332069941740036;44;-60.22728744670554
10;-0.8609847543358803;0.16723906745022177;3.3326952043867113;16;-60.7130640146957
10;-0.8591700902438164;0.18012792216874673;3.359755011520386;55;-60.195249500387725
10;-0.8590260500979423;0.18230404257135757;3.340863921098709;49;-59.99150315036267
10;-0.8607588523221016;0.1736123698453931;3.341791737561226;5;-60.50726212607749
10;-0.8616251185822487;0.17078980969832774;3.314127577815056;47;-60.53988239346611
10;-0.85941102091074;0.1781611289642926;3.3536925104188917;58;-59.98201097618181
10;-0.8586425402617455;0.17345441536676018;3.3672125572395326;60;-60.37535225425314
10;-0.8586761965584755;0.1799670687014208;3.3750200742435457;18;-60.20604948280918
10;-0.8606939377784729;0.17333975758344633;3.3733924228537084;40;-60.731394681864415
10;-0.8605075952553749;0.1735888950143603;3.3250189145255087;46;-60.06235433827911
10;-0.8604893546938897;0.18042095863941532;3.3351090685272218;50;-60.31015589474832
10;-0.8571291275429725;0.18070690139446757;3.388320461292267;61;-60.043857682380015
10;-0.8607836509728432;0.17529223476555664;3.351271797866821;35;-60.59962025140329
10;-0.8611625902891159;0.17678364722743078;3.307456400432587;21;-60.481651480038906
10;-0.8593722885632515;0.16780272338834476;3.347102440109253;39;-60.39784010713189
10;-0.8585241009640694;0.17517898615625688;3.353115849633217;56;-59.917417125059906
10;-0.8609240969491005;0.1777335447234256;3.337096053376198;62;-60.75265847189003
10;-0.8595181354975701;0.17513500281932298;3.359041382303238;19;-60.25260498793473
10;-0.8590565112686157;0.1780104780119183;3.3676168551683427;51;-60.13720905837085
10;-0.8580635627579689;0.17517534257986062;3.379827593605518;38;-60.33138361146572
10;-0.8585747279047966;0.17980425244390266;3.3893769008636476;29;-59.98309382851868
10;-0.8595057851076127;0.17841213625540053;3.34033072435379;30;-60.07265580613269
10;-0.8597619121575355;0.1748476585893139;3.3578443735456465;41;-60.49438148754566
10;-0.8569023574233056;0.1802561407584173;3.4273909152126314;52;-59.99071843567598
10;-0.8600672761678696;0.1721882242509388;3.3600640231752394;48;-60.269737606014495
10;-0.8594479043483734;0.18176861464779476;3.338392798805237;33;-60.15567404304707
10;-0.8606523851490021;0.17529341999535303;3.3453995693254472;54;-60.141488056786116
10;-0.8580470665836334;0.17861718776456526;3.4089769543409347;24;-59.8545864621137
10;-0.8572158961248398;0.18030569357993081;3.395793718805313;64;-59.920531768880764
10;-0.8600362229466438;0.1796533414296224;3.348649922847748;28;-60.23201282190121
10;-0.8608206655621529;0.17964604686925187;3.322497091782093;14;-60.539596372409186
10;-0.8594177486968041;0.17581868996384176;3.3673479982089995;53;-60.36840889293088
10;-0.8595499564170838;0.18058767933417752;3.3537753288316727;25;-60.363024493318434
10;-0.8593604179215432;0.18116519985705498;3.351814170913696;23;-60.49398086341144
10;-0.8586475496149063;0.1781386937468953;3.404973679585457;22;-60.22184450189887
10;-0.8608114358377457;0.16878736514893536;3.352747620387077;42;-60.43472811180414
10;-0.8611657088279724;0.17560146674307994;3.3561829823970797;15;-60.6268698685296
10;-0.8591557802915573;0.1794018695066322;3.364956346273422;63;-60.61308246464225
10;-0.8595578092551232;0.17618825577992597;3.353112537174225;57;-60.521536099583244
11;-0.8599387902593613;0.17514590822896456;3.355303705544472;10;-60.117015489804906
11;-0.8603726276874543;0.17677309811753147;3.3313115030288696;15;-60.053095039756066
11;-0.8602252211523056;0.17403102149897284;3.354090979681015;13;-60.58631060315277
11;-0.8603590998220444;0.17714001031560125;3.333454440960884;0;-60.37179058833948
11;-0.8593111916828156;0.17513080259439534;3.369724281806946;6;-60.505028707011746
11;-0.8601221178364754;0.17800364449694403;3.322887594575882;5;-60.14481780487035
11;-0.8582124795675278;0.1788600634731004;3.4016607418227194;3;-59.85918022937681
11;-0.8627466993165016;0.1692539550103477;3.285850552773476;4;-60.68030262408249
11;-0.860935327630043;0.17795097219159056;3.333118163356781;2;-60.67940542535401
11;-0.8622536544299125;0.1730131983436155;3.2846529355144503;8;-60.47602908401251
11;-0.8602828756713867;0.17506257617673254;3.3282559291410445;1;-60.42269169121007
11;-0.8598496688270569;0.17894629049891664;3.3319288632822035;7;-60.35266689891077
11;-0.861595490038395;0.17098160157840817;3.301805327446461;19;-60.866390229759254
11;-0.8600236253213882;0.1725302344028966;3.3293658952999117;53;-60.34826730428178
11;-0.8599499469423294;0.1722595544303378;3.3253959834337237;59;-60.00593699311403
11;-0.859743655679226;0.17310677649280581;3.3602109285116195;26;-60.179880218954814
11;-0.8622657151961327;0.17625277619395055;3.2920113308382035;11;-60.8464643923916
11;-0.8594147103452683;0.16589373125482088;3.34913153737545;9;-60.42428141759383
11;-0.859694743347168;0.17374805250073375;3.3628815604496003;12;-60.60565191281939
11;-0.861353367471695;0.1780321324567101;3.2907368841838838;23;-60.47894824199693
11;-0.859820541639328;0.1683389806804026;3.350231249022484;17;-60.030548234306345
11;-0.8606500211930275;0.17806578939174128;3.3278114340019225;63;-60.175518956487046
11;-0.8605568955922127;0.16940840246758831;3.344826520757675;14;-60.76957197551332
11;-0.8591918384552002;0.1794508594740578;3.3547607294535635;22;-59.8975567259354
11;-0.8595526519823075;0.17970140557978972;3.3415156990504267;21;-60.07446073798702
11;-0.8591977463984489;0.1749668230030258;3.359268174469471;47;-60.488643961414795
11;-0.8586849687004089;0.17611238693408435;3.3503015404367447;52;-60.01094893093577
11;-0.8611592985510826;0.1708150539381188;3.3162052475190165;16;-60.80927178451829
11;-0.8602025945591927;0.17863048211989851;3.3324295045757295;28;-60.33853712683306
11;-0.8608291373682022;0.17428566561821382;3.321774475970268;20;-60.44769224995119
11;-0.8615881193137169;0.17732719260678337;3.2986441779398916;56;-60.55072703514817
11;-0.8589849128246307;0.17647183501223604;3.3619505800437928;60;-60.28539521685657
11;-0.8590079175257683;0.1720081934393347;3.3631122985601425;24;-59.982139387439204
11;-0.8620116016364098;0.1703771392867768;3.2876855617582796;41;-60.392071115810964
11;-0.8604471916460991;0.18189799473510634;3.3097257682299612;50;-60.42643618777687
11;-0.8596656118345261;0.1841221101643234;3.3441701377630233;18;-60.11834539431704
11;-0.8607423002696037;0.16564991105096502;3.3630986668896674;29;-60.51606707125823
11;-0.8603843508148193;0.17045178882410436;3.3492981995248794;45;-60.60532140753873
11;-0.86092473528862;0.17028723429654374;3.3026016148805617;55;-60.50630639272832
11;-0.8610862680387497;0.1779244861574122;3.3417620554184913;25;-60.251952076248635
11;-0.8612045965409278;0.16346249149857117;3.3143332240962984;42;-60.982029622298505
11;-0.8605641495513916;0.17710656688815798;3.3449641708254814;57;-60.78207190260866
11;-0.8593214727663994;0.17158186019294489;3.34464493373394;46;-60.245102467817304
11;-0.8607278856563568;0.17715539372575775;3.328361057429314;44;-60.37240790930492
11;-0.8582713911628723;0.17808772250641022;3.4026684583711626;54;-60.235174844790265
11;-0.8591359228944778;0.17430746354239005;3.358376860587597;31;-60.199849335841094
11;-0.8621731983470917;0.17253263062969082;3.3049750942921636;34;-61.005864682976224
11;-0.8590182311749458;0.18007188682795386;3.3696431455171107;33;-60.22720139313852
11;-0.8592865304017067;0.17944996126853396;3.3474320855760573;43;-60.26892924590695
11;-0.8588598423337936;0.18062611731926037;3.3691324514245986;30;-59.81612906652044
11;-0.8606634808516502;0.1798016789446061;3.328865620946884;27;-60.785190618024785
11;-0.8592698542761803;0.17846370443920298;3.3401801238536835;64;-60.0517197462515
11;-0.8603856868052483;0.17229211490986782;3.3224868691682814;49;-60.238104405643156
11;-0.8607790360999107;0.17640071246195235;3.3193877253508566;51;-60.701655682088315
11;-0.8605980480194092;0.17659917522434496;3.3273254123091696;61;-60.415109993695424
11;-0.860644915907383;0.17387585421338678;3.2916619106960296;58;-60.64197101765804
11;-0.8596141290163993;0.1777355269310707;3.343121882197857;36;-60.04871344933699
11;-0.8603637691116333;0.17386814033734613;3.3097955483198165;32;-60.22537149876918
11;-0.8612887652277946;0.1766017112892994;3.3022453856933116;40;-60.62600633394722
11;-0.8593642839574814;0.1712819154124995;3.3637322300195693;62;-60.30847480211833
11;-0.8612434188842774;0.17307932306808751;3.3420974662971497;38;-60.907879770470814
11;-0.8609693028879165;0.17007322595605917;3.323423636547327;35;-60.37020611439293
11;-0.8606645690560341;0.16547628313240625;3.3368857669734955;48;-60.12194202553338
11;-0.8605291457056999;0.18250819148259295;3.311404363975525;39;-60.22322366805655
11;-0.8608644968152046;0.17202605844631835;3.3173053249835966;37;-60.546223828001416
12;-0.8614554163146019;0.1782492788753884;3.3060492231225966;3;-60.706455645572696
12;-0.8612978829026222;0.17780853910462;3.308999747827053;12;-59.95375964587214
12;-0.8618152063512802;0.18130588437301806;3.291296679711342;1;-60.67223772073025
12;-0.8616121395325661;0.18092902702102553;3.277669603279829;5;-60.66050557756119
12;-0.8622012159204483;0.17262577670953833;3.291378657743931;19;-60.380620286559434
12;-0.8612863586735725;0.17642384420719057;3.2840297892141344;7;-60.42731763278801
12;-0.8622141274309159;0.17849168545112068;3.2971881669664382;9;-60.25468138554184
12;-0.8610509011435509;0.17570295191638405;3.2913312570762634;8;-60.16842353460743
12;-0.8617501589822769;0.17819570393188508;3.306447460656166;2;-60.94246744559839
12;-0.8618785646748542;0.17419043121791866;3.303492837741375;18;-60.86426480910488
12;-0.860462288968563;0.17219727021866973;3.3513987698316576;0;-60.5781116607976
12;-0.8607860065340995;0.17441568545714284;3.3338907495260237;17;-60.32739125550485
12;-0.8607218206357956;0.17746181878927514;3.3257319957780838;22;-60.736679840270895
12;-0.8607832829976082;0.17363544173353607;3.3170596837568285;32;-60.21868461944462
12;-0.8620091844844818;0.16966655205917894;3.2687698393297198;10;-60.09746262511302
12;-0.862275235877037;0.1696097585428319;3.2922486876296997;26;-60.50592692930069
12;-0.8609964372015;0.1751510954277373;3.2910705331230163;11;-60.19903063194356
12;-0.8594340537071228;0.16992655614064345;3.3528448456668856;4;-60.0475067328308
12;-0.8610575264239311;0.18067633518739545;3.288295688753128;20;-60.4937760644074
12;-0.8620490503144265;0.17714343593858123;3.2856179457688333;21;-60.487017619772146
12;-0.8605071532535553;0.17857283803036436;3.3222611575198173;13;-60.54957902902624
12;-0.8590200760293006;0.17364886765421253;3.361085181735754;6;-60.30928596926218
12;-0.8606718251824379;0.17873674434686035;3.3290559126996992;28;-60.67040098192591
12;-0.8623880853581428;0.1714425536913285;3.295581249895096;23;-60.8278562474771
12;-0.8609985068631172;0.1776315921045805;3.294022205104828;14;-60.221512046982916
12;-0.8612389034581185;0.17483693218443688;3.314389713549614;27;-60.42057959049165
12;-0.8604903992319107;0.1765955312244501;3.326868711690903;15;-60.60559265610599
12;-0.8604069645285607;0.17557379639551743;3.3173226277780534;31;-60.752439801582774
12;-0.8620829058670998;0.17920507338619907;3.268901845178604;25;-60.91560890653837
12;-0.8606539579629898;0.18110954981824964;3.316371460967064;16;-60.522929549503964
12;-0.8588763612914085;0.17651687510027042;3.4016871816062926;24;-59.838336406522124
12;-0.8590896880483627;0.1812821771138441;3.38829501506567;46;-60.17091438007952
12;-0.8605592308735848;0.17674984521962528;3.3293017515563963;60;-59.97332735328989
12;-0.8600121155166626;0.17608095300393936;3.341504632959366;41;-60.669288360547824
12;-0.8609065615224838;0.17820984950842453;3.328727321753502;29;-60.85848491020512
12;-0.8601075527739525;0.17814815745362314;3.3137120724201203;34;-60.55070900826472
12;-0.8619065767335892;0.1694997579187247;3.297150401506424;30;-60.78112579723994
12;-0.8598033588862419;0.17912514448886302;3.345133925538063;63;-60.6611798872979
12;-0.8605258090472221;0.17746120356160333;3.3175062716889383;35;-60.15603484377805
12;-0.8611751898145675;0.17727538384910557;3.3018983290195467;52;-60.607356649042615
12;-0.8605008361768722;0.17720778769311496;3.331384984793663;42;-60.31990724426492
12;-0.8608609883499145;0.1722164512080839;3.323526821203232;43;-60.74185286360644
12;-0.8618475022315979;0.17657820694302587;3.2931809956359865;50;-60.966984829480225
12;-0.8610018485808373;0.17807726935575133;3.293071913304329;45;-60.355872630009166
12;-0.8600599362707138;0.1762397421599942;3.3426005834913255;51;-60.585579594683615
12;-0.8604120009040832;0.17698317181948747;3.3115294685161114;33;-60.44050701111346
12;-0.8597445920729637;0.17789650104340166;3.3308516309070586;37;-60.26543447806971
12;-0.8600607111954689;0.17730611737367;3.316311811585426;38;-60.03468887769366
12;-0.8614165081310272;0.1821451742596543;3.287378090462685;40;-61.003390092773735
12;-0.8620895731592179;0.1773723355520703;3.2992590137314797;36;-60.881110214852974
12;-0.8604145861172676;0.17478681313676286;3.3371048833179473;39;-60.38437066075473
12;-0.862263121984005;0.16931281488988956;3.2860877377438547;48;-60.4528149411586
12;-0.8606387950611114;0.17960765651992552;3.3287657833194735;53;-60.310428337585414
12;-0.8602092377567291;0.17732664868834253;3.3491818753051756;56;-60.665291733025725
12;-0.861205417702198;0.17496840314083384;3.3282104663801193;58;-60.717624402584256
12;-0.8594837880921364;0.17440358363925582;3.3450535563206674;64;-59.93524996259988
12;-0.860405825021267;0.17855360712156515;3.3256633530569077;44;-60.57209788283421
12;-0.8606805304217339;0.17619963974027195;3.3125331507349016;61;-60.45669358371294
12;-0.8618956918931008;0.1809158088593831;3.2976193832969667;55;-60.798608083049224
12;-0.8609044259524345;0.17337531008584658;3.3216498248434068;57;-60.524171351357964
12;-0.8609470403981209;0.17915851544031058;3.3095161162281035;62;-60.54750505769821
12;-0.8607939391160011;0.17972951121103367;3.324094306743145;59;-60.761355144768
12;-0.8603514319896698;0.1753927702480898;3.3436063764095305;47;-60.751539174199614
12;-0.8602719821953774;0.17240983768974025;3.3359788904702663;49;-60.96217742656159
12;-0.8613714893937111;0.1803144545500807;3.2966432116794584;54;-60.29380509248738
13;-0.8626199547290802;0.17991872278020718;3.2636024097681045;12;-60.68714888803494
13;-0.8607113142299652;0.17558698796611222;3.314029658212662;0;-60.1136367209589
13;-0.8618472265028954;0.17364289967762903;3.283137735261917;18;-60.50291618242773
13;-0.8605423368287086;0.1721382562119601;3.316379757244587;2;-60.00328680856923
13;-0.860612807571888;0.17480253949445557;3.3344798565399647;21;-60.703392839883556
13;-0.8618510173392295;0.17937055891121942;3.274997338385582;20;-60.01764934038797
13;-0.861824663875103;0.17615850477415604;3.2733167429828645;30;-60.35607728275491
13;-0.8604446322798729;0.17591351639075925;3.3353260022449494;27;-60.1505044909585
13;-0.8605688957595825;0.17594327286554218;3.30649549390316;11;-60.42570911636712
13;-0.8605052302956581;0.18251094549351926;3.336740695338249;19;-60.6362165605049
13;-0.8606523628616333;0.17344325765169807;3.316773013856411;6;-60.43995450521279
13;-0.8604147900390625;0.17678760260296578;3.306233561706543;37;-60.152493785733746
13;-0.8608517701864242;0.17557350487018936;3.3348341719961168;36;-60.78048757524564
13;-0.8599133684825897;0.17859989255531022;3.3253010185420515;32;-60.292590455910904
13;-0.8612536407256126;0.17732558428823017;3.299027005944252;14;-60.65509016789309
13;-0.8615939813542366;0.17418580304940232;3.281904153084755;39;-60.70522743954637
13;-0.8609818386507034;0.17721481798696245;3.3115679747009277;35;-60.543081063414874
13;-0.8603473393249512;0.17938382801709812;3.3283382086896895;40;-60.587291295798714
13;-0.8631036820316315;0.17415162477132587;3.2394263375711443;28;-60.372166523573256
13;-0.8606448242592811;0.16895875489291967;3.3351250786972044;10;-60.21419282175408
13;-0.8614133533549309;0.1730634437517775;3.3003800603961944;34;-60.71165308295428
13;-0.8613055080413818;0.176818409251298;3.3064601785707475;33;-60.65096260727515
13;-0.8606492860484123;0.17260686695568497;3.3190350767850876;8;-60.378408037242814
13;-0.860690988817215;0.1729823287325073;3.338448837990761;23;-60.42958148687539
13;-0.8623061592578888;0.1718121169296984;3.271911791057587;38;-60.689941616635735
13;-0.8621623355436325;0.1719784182094672;3.2783768703389167;41;-60.649291043342984
13;-0.8616314180636406;0.17256277806861908;3.271517177286148;3;-60.287010548434516
13;-0.8600207298445701;0.18204241420427336;3.3293544476985932;22;-60.45585752099409
13;-0.861328647646904;0.17607428318376334;3.312738091082573;44;-60.625911615812555
13;-0.8604475136375427;0.17006233226293466;3.3144376903486252;53;-60.461007976812866
13;-0.86089106392622;0.17340310093404113;3.3338968251132965;5;-60.81194674242677
13;-0.8614691174054145;0.1796751179619186;3.2849472479200363;48;-60.86990139871009
13;-0.8593895803618431;0.1776779503660713;3.3506008730053902;9;-59.98079691775856
13;-0.8613086476755142;0.17693688297671017;3.300547151005268;13;-60.82781867308848
13;-0.8614317972874641;0.18327852802343353;3.2980420625972746;43;-60.63650901968031
13;-0.8596195503497124;0.18035110498561174;3.313870025868416;24;-60.22905958319343
13;-0.8619616277980805;0.17038532601790618;3.2870560579538344;55;-60.28199658349191
13;-0.8616801116371154;0.1780994162196666;3.281928393859863;4;-60.644913225580254
13;-0.8617415603542328;0.17169666929607513;3.2877899835562707;15;-60.34061425046239
13;-0.8613362006258964;0.17285013249774814;3.2920451883530615;58;-60.500194399142956
13;-0.8599302103185653;0.18043085739618486;3.321609396417141;54;-60.507518603184224
13;-0.8605470782947541;0.17992443141991157;3.3043440337610246;57;-60.64606972090842
13;-0.8611024600315094;0.17405772901170657;3.3029971027851106;64;-60.66534042629356
13;-0.8608383765721321;0.1800889771499019;3.305487148098946;62;-60.51293479329823
13;-0.8610298441004753;0.17706994710751575;3.324435772294998;25;-60.351764661072856
13;-0.8615841304326057;0.16774232152417332;3.299226602253914;31;-60.978642506121545
13;-0.8611995297336579;0.17728658661250898;3.2921102523899077;7;-60.31504413560108
13;-0.8617386140275002;0.17985618529093453;3.2838507696294785;59;-60.7030157821278
13;-0.8621816002464294;0.17342023292600992;3.288081996575594;49;-60.88319325375517
13;-0.8622501757311821;0.16682280764868046;3.292175454695225;1;-60.31487184391586
13;-0.8611970179724693;0.17014913841654722;3.294409326944351;52;-60.63099235391277
13;-0.862127122309208;0.17529621096215153;3.279250797095299;61;-60.876233403393336
13;-0.8610626528453826;0.17871279919192196;3.306744772918224;46;-60.67345277013342
13;-0.8608210064554215;0.17682523545645207;3.3269105673027037;26;-60.759368442326775
13;-0.8604506392765046;0.18185698927769306;3.323443105969429;56;-60.04642254592629
13;-0.8617905486440659;0.16026630694103136;3.2937107343387604;60;-60.34941209894967
13;-0.8590200244545937;0.1727293849946838;3.350852876133919;29;-60.09400467884604
13;-0.8606376736593246;0.17377759291671335;3.335597986741066;51;-60.78503711825302
13;-0.8614037449193;0.1727848959910765;3.289133270933628;47;-59.99500777368979
13;-0.861974923567772;0.1817219651755388;3.279030150642395;63;-60.29329837761617
13;-0.8592537075304985;0.1778097411128442;3.3449802231550216;45;-60.36815517027258
13;-0.8600110376930237;0.1734690508481188;3.335864395508766;42;-60.51515467965414
13;-0.8633516413140296;0.1764329411713424;3.246823956861496;16;-60.51582829806139
13;-0.8616744790315628;0.17712747268908308;3.2919456265497207;50;-60.13709567731063
13;-0.8606622684121132;0.17622127361595957;3.3350701495552064;17;-59.99106234796223
14;-0.8606250072026252;0.18128717590376386;3.283647835612297;3;-60.764102420554956
14;-0.8602426179432869;0.17701003436882734;3.319985066782236;35;-60.19311912324519
14;-0.8612755324435234;0.17887066639521362;3.312994236087799;2;-60.71909721620042
14;-0.8612118591070175;0.1781333441417606;3.3149940713238717;11;-60.17473081374096
14;-0.86197799741745;0.16986716002432556;3.285625424852371;37;-60.397117555105176
14;-0.8615054526472091;0.1787147637334984;3.264713231930733;8;-60.515635965346185
14;-0.8612961269569397;0.17494831631022506;3.288111341562271;34;-60.58748835302382
14;-0.8612779744195939;0.1724281782702602;3.3167427163553236;41;-60.807519744406335
14;-0.8618242402982712;0.16753216565900772;3.298279289009571;52;-60.41618717539417
14;-0.8608580912470818;0.173384736766087;3.318314139268398;54;-60.864184401403136
14;-0.8602716880488396;0.17177194618118635;3.3235005131149293;17;-60.42202892437538
14;-0.8613947012591362;0.17937985477737006;3.310882397270203;21;-60.561333883898676
14;-0.8619278974580765;0.17594760741926904;3.2812908511924745;9;-60.88001626903016
14;-0.862223315346241;0.17189997532772425;3.2947433282613754;16;-60.749748749215826
14;-0.8610466285705567;0.17028666273441048;3.304236422832012;29;-60.53509248030891
14;-0.8608085326313972;0.17432769573937867;3.2893448090863227;14;-60.245302512741304
14;-0.8620605368566513;0.17868767366072294;3.2788047594821452;38;-60.76083607484125
14;-0.861075079498291;0.17862726559238973;3.3205264332222937;46;-60.92400232776407
14;-0.8613271533298492;0.17858225271362926;3.290723324713707;25;-60.54004826050487
14;-0.8609380506134033;0.17844934107813226;3.299530944609642;47;-60.69919220376149
14;-0.8623959152126313;0.17349668115518055;3.2724641742706297;23;-60.49023941124057
14;-0.8608755548286438;0.17837291360466626;3.312666923264265;33;-60.66406662323086
14;-0.8608693292284012;0.17284448596232366;3.3140626012635233;48;-60.57186758643221
14;-0.8605000510644912;0.17733082281668902;3.309760286641121;49;-60.564673091724664
14;-0.8619820535111428;0.17583319443937276;3.2586849906635282;4;-60.978623176331176
14;-0.8622617493510246;0.1731499465658536;3.2856189802455904;62;-60.89147245148048
14;-0.8615362206888199;0.17661306202821317;3.2786781590557097;7;-60.55189140396219
14;-0.8616593735432625;0.17671063033928977;3.2683671610975265;60;-60.65667547952293
14;-0.8619202677035331;0.1768604063657712;3.2914149842500686;63;-60.60391692354212
14;-0.8611727594065666;0.17212149151640596;3.2954642437124253;15;-60.766650767287096
14;-0.8613557726740837;0.1754700966464728;3.3000528466141223;1;-60.717408542877884
14;-0.8613231165337563;0.17051678267805837;3.2898929113388062;5;-60.52366427681358
14;-0.8613460354042053;0.17663826772220723;3.29665959646225;26;-60.31631483639874
14;-0.861907357878685;0.16737315247372725;3.2764681987810134;18;-60.85422732479201
14;-0.8617913600444793;0.17964649680282804;3.284651228032112;58;-60.544414889075604
14;-0.8607936395311355;0.17322524378010537;3.296256539466381;27;-60.4556236120269
14;-0.8615300706768035;0.17036059716220509;3.2938536161231995;24;-60.59630046888019
14;-0.8602676274251938;0.179094294323;3.3036361737775803;36;-60.16401775322518
14;-0.8612710048413277;0.17811173579526365;3.2880122764730455;59;-60.609999925874966
14;-0.861209391515255;0.17437877389286724;3.3081948336648943;42;-60.71076428490266
14;-0.863054039337635;0.16471678801742745;3.274586204009056;45;-61.059681532278354
14;-0.8615503935551644;0.17368815928863907;3.2871076004981994;0;-60.571803414641295
14;-0.8602387190318107;0.1753830576226217;3.32168632121563;56;-60.4260697034669
14;-0.8617634008216858;0.17875791403956187;3.300312927494049;50;-60.80533847604625
14;-0.862632286541462;0.1715071536936387;3.262560006430149;12;-60.499650981498704
14;-0.8611142208981514;0.17460289181130967;3.298999742617607;39;-60.578725881427275
14;-0.8611093291115761;0.173420419172775;3.2790142270970346;51;-60.628804523710244
14;-0.8609112030172348;0.17825676476697708;3.3117722582173346;13;-60.53721349625701
14;-0.8620101359081268;0.1758017447951094;3.277787823996544;64;-60.611641493285724
14;-0.8604229095339775;0.18004219708490884;3.320637908489704;20;-60.38389103421769
14;-0.8609268732023239;0.1729236493705993;3.293946344270706;55;-60.674030741549934
14;-0.8613576129364967;0.178171441201751;3.309242309515476;19;-60.5168518749186
14;-0.8618297190165519;0.17547991234963528;3.263943714566231;61;-60.55338447307343
14;-0.8617805559396744;0.17324683303275495;3.2912402444696425;44;-60.33771964967499
14;-0.8624141988682746;0.1738702959794844;3.287130926308632;6;-61.12354489447427
14;-0.8595875556874275;0.17532261398554286;3.330148350663185;57;-60.6540181693968
14;-0.8607755845355988;0.1732192572691894;3.3003343662571907;30;-60.87333037518543
14;-0.8615328311991691;0.17138526832923323;3.2788282843971253;53;-60.56008360847136
14;-0.8613176692080498;0.17440467972942453;3.2945582923197745;32;-60.62777771545651
14;-0.8616570276284218;0.17686635125868314;3.2910385335588455;10;-60.79140436490041
14;-0.8600462849712371;0.17617893559279385;3.3098891959762575;28;-60.39168317256137
14;-0.8614094851469993;0.1742215198624134;3.3089036690950393;43;-60.465180023062466
14;-0.8607003053164483;0.17311421653217637;3.2964604287445547;22;-60.52272950517056
14;-0.8619560878133774;0.1727329373408074;3.2849980865192414;40;-60.895479461507406
14;-0.8622213068938255;0.17743775932182385;3.261050904531479;31;-60.40250725920506
